"Estimate","Est.Error","Q2.5","Q97.5"
0.454721185537692,0.0360721179925237,0.380166114376393,0.519856743217364
