"Estimate","Est.Error","Q2.5","Q97.5"
0.2685213900296,0.0369826117661938,0.193577189848975,0.338648813854949
