"parameter","mean","sd","lower95","upper95","prob_less0","prob_greater0","interpretation"
"b_Intercept",1.163979591625,0.169511685093635,0.83090235,1.51010475,0,1,"Strong positive effect"
"b_date_s",0.060796186916625,0.0262235081954587,0.00853826975,0.112307125,0.01,0.99,"Strong positive effect"
"b_periodPost",0.4661045006125,0.141082313555055,0.18338985,0.74286235,0.000875,0.999125,"Strong positive effect"
"b_typeNatural",0.58183984129,0.21561911727227,0.13492215,0.998737875,0.006625,0.993375,"Strong positive effect"
"b_typeNatural:date_s",-0.0682722374582163,0.0376370535472989,-0.14165985,0.00593245274999997,0.964375,0.035625,"Strong negative effect"
"b_typeNatural:periodPost",-0.416184573587,0.17288384143505,-0.75831935,-0.075469705,0.99125,0.00875,"Strong negative effect"
