term,Chisq,Df,Pr(>Chisq)
type,0.3183645746067209,1,0.5725921372050607
fgroup,3556.386632876242,3,0
type:fgroup,142.12725073364973,3,1.3145055916965904e-30
