type,fgroup,response,SE,df,asymp.LCL,asymp.UCL
Natural,Grazer,16.251547669637755,4.488702068138873,Inf,9.45783147583821,27.925302151263068
Artificial,Grazer,14.509672008455967,4.043839531357158,Inf,8.402878433993788,25.05457902868981
Natural,Invertivore,1.4065833260636922,0.38393618461962997,Inf,0.823804948600424,2.4016323967483637
Artificial,Invertivore,0.6006697719744155,0.16520825197772315,Inf,0.35036543202578363,1.0297938722940128
Natural,Mesopredator,10.17965554450513,2.794070147049219,Inf,5.944273324977866,17.432809923012734
Artificial,Mesopredator,10.728306498783153,2.9733375124511445,Inf,6.231917094576865,18.468885029294135
Natural,HTLP,5.8993771265339205,1.6245522337542062,Inf,3.4387841055125032,10.12062677191093
Artificial,HTLP,7.993263076145805,2.2118941924094457,Inf,4.647076079013359,13.748915128164022
