"Estimate","Est.Error","Q2.5","Q97.5"
0.282973053479161,0.0382679533813628,0.204845480168632,0.354421365357556
