"Estimate","Est.Error","Q2.5","Q97.5"
0.12001452219245,0.0120800294542144,0.0983004012941469,0.145166054097005
