"Estimate","Est.Error","Q2.5","Q97.5"
0.114771234063007,0.012017923835396,0.0928491754659194,0.140081512242796
