"Estimate","Est.Error","Q2.5","Q97.5"
0.172867893799363,0.0305382831266389,0.129784794257866,0.24522476760871
