"Estimate","Est.Error","Q2.5","Q97.5"
0.121379882465915,0.0121848530600041,0.0994739995189337,0.14680684317395
